Category	Title	Season	Frequency	Priority	Cost	Who handles	Routing hint	Always pro (safety)	Warranty-linked	DIY minutes	DIY note	Required subtypes	Essential (seeded)	Pro required	Bundle	Bundle title	Regional gate	Max interval (days)	Description	Notes
Roofing	Annual roof inspection	Fall	Annually	High	$200–$400	Vendor (safety-floor, always pro)		true	false				true	true	Roofing:spring				Inspect for damage, wear, and potential leaks.	
Roofing	Check for damaged shingles	Spring	Semi-annually	Medium	$150–$300	Vendor (safety-floor, always pro)		true	false			roof_asphalt	true	true	Roofing:spring				Roofer walks the roof looking for missing, curled, or cracked shingles. Part of the annual inspection or a dedicated post-storm visit.	Also after major storms
Roofing	Reseal flashing and seams	Spring	Annually	High	$150–$400	Vendor (safety-floor, always pro)		true	false			roof_flat	true	true					Inspect and reseal flashing, seams, and penetrations on flat/membrane roof.	Critical on flat roofs to prevent ponding leaks
Roofing	Treat moss and algae	Fall	Annually	Medium	$50–$200	Vendor (safety-floor, always pro)		true	false			roof_wood	false	true					Apply moss/algae treatment to prevent shingle damage and discoloration.	Wood shake roofs are fragile and require pro safety gear
Roofing	Clean gutters and downspouts	Spring	Semi-annually	High	$150–$300	Vendor (safety-floor, always pro)		true	false				true	true	Roofing:spring	Roof and Gutter Service			Roofer or gutter service clears debris and verifies downspouts drain away from the foundation.	Spring and fall
Roofing	Inspect flashing around chimney/vents	Fall	Annually	Medium	$0 (part of inspection)	Vendor (safety-floor, always pro)		true	false				false	true	Roofing:spring				Roofer verifies flashing around chimneys, vents, and skylights is intact and properly sealed.	
Roofing	Inspect attic ventilation and insulation	Fall	Every 2 years	Medium	$100–$300	Vendor (default)		false	false				true	true					Check for adequate ventilation, insulation depth, pest damage, and signs of moisture. Critical for ice dam prevention and winter energy efficiency.	Often bundled into the fall handyman visit or roof inspection.
Siding/Exterior	Power wash exterior siding	Spring	Annually	Low	$200–$400	Vendor (default)		false	false				true	true	Siding/Exterior:annual	Annual Exterior Maintenance			Pressure washer soft-washes siding to remove dirt, mildew, and algae buildup.	
Siding/Exterior	Deck and patio annual service	Spring	Annually	Medium	$150–$400	Vendor (default)		false	false				false	true	Siding/Exterior:annual				Handyman or deck pro inspects deck boards, railings, and stairs for rot or loose fasteners; spot-seals as needed. Full stain or seal every 2-3 years.	Seal or stain every 2-3 years
Siding/Exterior	Exterior paint touch-up walkaround	Spring	Annually	Low	$200-800	Vendor (default)		false	false				false	true					Walk the exterior with the painter or your handyman to identify peeling, chipping, or weathered paint that needs touch-up. Full repaint is every 7-10 years; annual touch-up extends the interval significantly.	
Siding/Exterior	Deck or fence staining	Spring	Every 2-3 years	Medium	$500-2,500	Vendor (default)		false	false				false	true					Strip, sand, and re-stain or seal wood deck and fencing. Annual cleaning extends life; staining every 2-3 years preserves the wood structurally.	Best done in late spring after the wood has fully dried out from winter.
Siding/Exterior	Exterior painting refresh	Summer	Every 10 years	Medium	$5,000-15,000	Vendor (default)		false	false				false	true					Full exterior paint refresh — scraping, priming, and repainting of siding, trim, and exterior features. Major cycle that HNW owners plan and budget for well in advance.	Plan the contract in winter to lock in a slot on the painter's summer schedule.
Siding/Exterior	Driveway seal coat	Fall	Every 2-3 years	Medium	$300–$600	DIY-capable (opt-in for DIY users)	DIY-able if user opts in	false	false	180		driveway_asphalt	false	false					Apply asphalt sealer to protect the driveway against UV, water, and oil damage. Extends driveway life significantly over unsealed asphalt.	Early fall while daytime temps are still warm enough for the sealer to cure. About 3 hours DIY for a typical driveway, or book an asphalt service for a no-effort finish.
HVAC	HVAC tune-up (cooling)	Spring	Annually	High	$150–$300	Vendor (default)		false	true			has_ac	true	true				420	HVAC tech inspects and services the air conditioning system before summer.	Schedule before summer heat
HVAC	HVAC tune-up (heating)	Fall	Annually	High	$150–$300	Vendor (default)		false	true			has_furnace	true	true				420	HVAC tech inspects and services the heating system before winter.	Schedule before cold weather
HVAC	Inspect ductwork for leaks	Any	Every 2-3 years	Medium	$200–$400	Vendor (default)		false	false			ducted	false	true					HVAC tech inspects ductwork for air leaks that reduce efficiency.	
HVAC	Inspect mini-split outdoor unit	Spring	Annually	Medium	$100–$200	Vendor (default)		false	false			mini_split	true	true					HVAC tech clears debris from the condenser, checks refrigerant lines, and cleans the coil.	
HVAC	Bleed radiators	Fall	Annually	Medium	$50–$150	Vendor (default)		false	false			boiler	true	true					Boiler tech bleeds trapped air from each radiator. Usually included in the annual boiler service visit.	Most boiler owners include this in their annual service visit
HVAC	Annual boiler service	Fall	Annually	High	$200–$400	Vendor (safety-floor, always pro)		true	true			boiler	true	true				420	Combustion check, clean burners, inspect heat exchanger, check pressure relief valve, verify exhaust draft.	Required for warranty on most boilers
HVAC	Geothermal loop pressure check	Any	Annually	High	$150–$300	Vendor (safety-floor, always pro)		true	false			geothermal	true	true					Geothermal installer verifies ground loop pressure and antifreeze concentration. A drop of more than 5 PSI/year indicates a leak.	
HVAC	Air duct cleaning	Any	Every 3-5 years	Medium	$400-800	Vendor (default)		false	false			ducted	false	true					Professional cleaning of the full supply and return ductwork — removes dust, allergens, and debris. Separate from the annual HVAC tune-up.	HNW indoor air quality priority. Best done when HVAC is not in heavy use.
HVAC	Flush HVAC condensate drain line	Spring	Annually	Medium	$0 (DIY) or $50 (pro)	DIY-capable (opt-in for DIY users)	DIY-able if user opts in	false	false	10		has_ac	false	false					Pour a cup of distilled white vinegar down the condensate drain access tee to clear algae and biofilm. Prevents the summer clog that trips the float switch and leaks water into the pan.	Often bundled into the spring cooling tune-up. DIY: locate the white PVC pipe with a threaded cap near the indoor air handler, unscrew the cap, pour vinegar.
HVAC	Whole-home humidifier service	Fall	Annually	Medium	$75-150	Vendor (default)		false	false			has_humidifier	false	true			northeast		HVAC tech services the whole-home humidifier: replaces the evaporator pad, checks the water line and solenoid, verifies setpoint against your thermostat.	Often bundled with the fall HVAC tune-up visit.
Plumbing	Drain cleaning	Any	Every 2 years	Medium	$150–$300	Vendor (default)		false	false				true	true					Plumber clears main drains to prevent backups.	
Plumbing	Test sump pump battery backup	Spring	Semi-annually	High	$0 (DIY)	DIY (always — surfaces as personal task)	Surfaces as DIY	false	false	10		sump_pump, has_sump_battery_backup	true	false					Unplug the primary sump pump to verify the battery backup engages and can move water. Most backup batteries last 5-7 years — if it doesn't hold charge, replace before spring rains.	About 10 minutes DIY. Test in spring before wet season and in fall before storm season.
Water Heater	Flush water heater	Any	Annually	High	$100–$200	Vendor (default)		false	false			tank	true	true	Water Heater:annual	Annual Water Heater Service			Plumber drains and flushes sediment from the tank to maintain heating efficiency.	
Water Heater	Inspect anode rod	Any	Every 3 years	Medium	$80–$200	Vendor (default)		false	false			tank	false	true					"Check and replace sacrificial anode rod to prevent tank corrosion. Requires partial drain plus a 1-1/16\"" socket and breaker bar."	Replace if more than 50% depleted
Water Heater	Test T&P relief valve	Any	Annually	High	$0 (part of flush)	Vendor (default)		false	false				true	true	Water Heater:annual				Plumber tests the temperature and pressure relief valve for proper operation. Typically bundled with the annual water heater flush.	Safety-critical valve check
Water Heater	Descale tankless heater	Any	Annually	High	$0–$150	Vendor (safety-floor, always pro)		true	false			tankless	true	false					Flush vinegar/descaler through the tankless unit to remove mineral buildup.	Hard water areas may need every 6 months
Septic System	Septic tank pumping	Any	Every 3-5 years	High	$300–$600	Vendor (safety-floor, always pro)		true	false				true	true	Septic System:triennial	Septic Service Visit		1825	Pumping of septic tank to remove accumulated solids.	Frequency depends on household size and tank size
Septic System	Inspect septic baffles	Any	Every 3-5 years	Medium	Included with pumping	Vendor (default)		false	false				true	true	Septic System:triennial				Septic service inspects baffles during pumping to ensure they're intact.	Done during pumping
Well System	Test water quality	Spring	Annually	High	$50–$200	Vendor (safety-floor, always pro)		true	false				true	true					Lab test for bacteria, nitrates, pH, and other contaminants.	Test more frequently if you notice taste/odor changes
Well System	Well system inspection	Any	Every 3-5 years	High	$300–$500	Vendor (default)		false	false				true	true					Well service comprehensively inspects pump, casing, pressure tank, and water flow.	
Electrical	Replace smoke detectors	Any	Every 10 years	High	$100–$250	Vendor (default)		false	false				false	true					Electrician or handyman replaces smoke detectors that have passed their 10-year lifespan. Detectors have a manufacture date printed on the back.	
Electrical	Inspect electrical panel	Any	Every 3 years	Medium	$150–$300	Vendor (safety-floor, always pro)		true	false				false	true					Electrician inspects the main breaker panel for wear or overheating.	
Electrical	EV charger inspection	Any	Annually	Medium	$100-200	Vendor (safety-floor, always pro)		true	false			has_ev_charger	false	true					Electrician inspects the EV charging station, the dedicated circuit, the connections, and the charging cable for wear or heat signatures. Higher-amperage L2 installs benefit the most from an annual check.	
Electrical	IR scan of main electrical panel	Any	Every 3 years	Medium	$200-500	Vendor (safety-floor, always pro)		true	false				false	true					Electrician uses a thermal imaging camera to identify loose breaker connections and pre-arc heat signatures before they fail. Non-invasive ~30 minute visit; pairs with the 3-year visual inspection.	Ask for thermal images to be included in the service report for your home records.
Electrical	Heat cable inspection	Fall	Annually	High	$150-400	Vendor (safety-floor, always pro)		true	false			has_heat_cables	false	true			northeast		Electrician verifies heat trace cables on gutters, roof edges, or exposed pipes are intact, properly thermostat-controlled, and drawing the right amperage. Replace damaged sections before snowfall.	Pair with the heating tune-up or fall roof inspection so the electrician can see the cable routing.
Electrical	Outdoor lighting system service	Spring	Annually	Low	$150-400	Vendor (default)		false	false			has_outdoor_lighting	false	true					Lighting tech inspects every fixture, re-aims lamps, replaces bulbs, checks transformer output, and reseals any failed connections. Catches the dim-spot-here / dark-spot-there drift that accumulates over a year.	Best done in early spring before you're outside at night enjoying the landscape.
Electrical	Fire extinguisher annual check	Spring	Annually	Medium	$0 (DIY) or $50 (service)	DIY (always — surfaces as personal task)	Surfaces as DIY	false	false	15			true	false					Walk to every extinguisher, verify the pressure gauge is in the green, the tamper seal is intact, and the inspection tag is signed for the current year. Replace any unit past its 12-year service life.	Log inspection dates on the tag so you can track service history. Commercial recharge runs $25-75 per extinguisher.
Chimney	Annual chimney sweep	Fall	Annually	High	$200–$400	Vendor (safety-floor, always pro)		true	false			wood	true	true					Chimney sweep cleans and inspects the chimney and flue. Critical for wood-burning fireplaces to prevent creosote buildup and chimney fires.	Schedule before first use each season. Each chimney is swept separately — if you have multiple flues, mention it so the sweep allocates the right amount of time.
Chimney	Inspect chimney cap and crown	Fall	Annually	Medium	$0 (bundled with roof) to $200	Vendor (safety-floor, always pro)		true	false				true	true					Roofer or mason inspects the chimney cap, crown, and mortar joints from the roof. Catches animal entry points, damaged screens, and early cracks in the crown before water infiltration damages the flue liner.	Often folded into the annual roof inspection or a chimney-sweep visit.
Chimney	Annual gas fireplace service	Fall	Annually	Medium	$150–$300	Vendor (safety-floor, always pro)		true	false			gas	true	true					Gas tech inspects burner, pilot light, gas connections, thermopile/thermocouple, and logs. Distinct from a sweep — gas fireplaces don't need creosote cleaning but they do need annual gas-side service.	Typically the same HVAC tech who handles your gas furnace can do this, or a specialty gas fireplace service.
Windows	Schedule exterior window re-caulking	Fall	Every 2-3 years	Medium	$200–$500	Vendor (default)		false	false				false	true					Painter or handyman removes failed exterior caulk and applies fresh exterior-grade sealant around windows.	
Garage Door	Test garage door auto-reverse	Any	Annually	High	$0 (part of tune-up)	Vendor (default)		false	false				true	true	Garage Door:annual	Annual Garage Door Tune-up			Tech confirms the auto-reverse safety feature works by placing an object in the door path. Bundled with the annual tune-up.	Modern openers self-monitor between visits.
Garage Door	Lubricate garage door tracks and hardware	Any	Annually	Medium	$0 (part of tune-up)	Vendor (default)		false	false				true	true	Garage Door:annual				Tech applies silicone lubricant to tracks, rollers, hinges, and springs. Part of the annual tune-up.	
Garage Door	Annual garage door tune-up	Any	Annually	Medium	$100–$200	Vendor (default)		false	false				true	true	Garage Door:annual				Inspection of springs, cables, rollers, and opener.	Never attempt spring repair yourself
Landscaping	Mulch garden beds	Spring	Annually	Low	$200–$500	Vendor (default)		false	false				false	true	Landscaping:spring				Landscaper adds 2-3 inches of fresh mulch to garden beds to retain moisture and suppress weeds.	
Landscaping	Prune shrubs and hedges	Spring	Semi-annually	Low	$150–$400	Vendor (default)		false	false				true	true	Landscaping:ongoing	Ongoing Lawn Care			Landscaper trims overgrown shrubs and hedges for health and appearance. Spring and fall.	
Landscaping	Fertilize natural lawn	Spring	Quarterly	Medium	$50–$150	Vendor (default)		false	false			natural_lawn	true	true	Landscaping:spring	Spring Landscaping Service			Landscaper applies seasonal fertilizer appropriate for grass type and season. Three rounds per year keeps roots strong and color deep.	
Landscaping	Core aerate natural lawn	Fall	Annually	Medium	$100–$250	Vendor (default)		false	false			natural_lawn	true	true	Landscaping:fall				Landscaper pulls soil plugs to reduce compaction and let water and nutrients reach roots. Paired with fall overseeding.	
Landscaping	Overseed bare patches	Fall	Annually	Medium	$30–$120	Vendor (default)		false	false			natural_lawn	true	true	Landscaping:fall				Landscaper spreads fresh seed in thin or bare areas. Best paired with fall aeration so seed-to-soil contact is maximized.	Cool-season grasses seed best in early fall
Landscaping	Pre-emergent weed control	Spring	Annually	Medium	$30–$80	Vendor (default)		false	false			natural_lawn	true	true	Landscaping:spring				Landscaper applies pre-emergent herbicide before crabgrass and other weeds germinate.	Timed to soil temps in the low 50s — usually mid-March to mid-April in {state}
Landscaping	Dethatch lawn	Spring	Annually	Low	$50–$150	Vendor (default)		false	false			natural_lawn	false	true	Landscaping:fall				"Landscaper uses a power rake or thatching attachment to remove built-up thatch. Skipped when thatch is under 1/2\""."	
Landscaping	Soil pH test and lime application	Fall	Every 2 years	Low	$80–$200	Vendor (default)		false	false			natural_lawn	false	true					Landscaper tests soil pH and applies lime as needed to bring pH back to 6.0-7.0 where grass thrives.	
Landscaping	Fall leaf cleanup	Fall	Annually	Medium	$200–$600	Vendor (default)		false	false			natural_lawn	true	true	Landscaping:fall	Fall Landscaping Service			Landscaping crew clears leaves from the lawn and garden beds. Letting them sit through winter smothers the grass and invites snow mold.	
Landscaping	Top up turf infill	Spring	Annually	Medium	$150–$400	Vendor (default)		false	false			synthetic_turf	true	true					Turf specialist refreshes the rubber or sand infill that supports the fibers. Infill migrates over time from rain, foot traffic, and grooming.	
Landscaping	Power rake and groom turf	Spring	Semi-annually	Low	$150–$400	Vendor (default)		false	false			synthetic_turf	true	true					Turf specialist power-rakes and grooms the turf to lift fibers and redistribute infill. Keeps the turf looking new through year 15+.	
Landscaping	Deep clean synthetic turf	Spring	Every 2 years	Low	$300–$800	Vendor (default)		false	false			synthetic_turf	false	true					Turf cleaning service extracts embedded debris, pollen, and pet residue from the infill layer. Extends turf life by years.	
Landscaping	Outdoor lighting service	Spring	Annually	Low	$150-400	Vendor (default)		false	false			has_outdoor_lighting	false	true					Lighting specialist checks the low-voltage transformer, replaces failed LEDs, adjusts timers and photocells, inspects and cleans fixtures, and re-aims uplights after any landscape changes.	HNW landscape lighting investment warrants a dedicated vendor.
Landscaping	Arborist tree health inspection	Fall	Annually	High	$200–$500	Vendor (safety-floor, always pro)		true	false			mature_trees	false	true					Certified arborist inspects mature trees for disease, structural weakness, and storm risk. Liability protection — falling tree damage is often excluded from home insurance if due to visible neglect.	Best done in early fall before leaf-out obscures the structural picture.
Landscaping	Pressure wash patio and walkways	Spring	Annually	Medium	$200–$500	Flexible (defaults match preference tier)		false	false	120		hardscape	true	false					Pressure wash stone, paver, and concrete hardscape surfaces to clear winter grime, mildew, and algae. Use a fan tip and avoid stripping joint sand.	About 2 hours DIY. Pros finish faster and catch what a homeowner would miss.
Landscaping	Top up joint sand in pavers	Summer	Every 2 years	Low	$80–$200	Flexible (defaults match preference tier)		false	false	60		hardscape	true	false					Sweep polymeric joint sand into paver gaps where it has washed out. Mist lightly to set the polymer. Prevents weed germination and keeps pavers locked.	About 1 hour DIY.
Landscaping	Treat weeds between pavers	Spring	Quarterly	Low	$40–$120	Flexible (defaults match preference tier)		false	false	30		hardscape	true	false					Spot-treat weeds growing between pavers and along hardscape edges. Pull large clumps by hand first, then apply a targeted herbicide or boiling water.	About 30 minutes DIY.
Landscaping	Check hardscape drainage and grading	Fall	Annually	Medium	$0 DIY / $150–$400 pro inspection	Flexible (defaults match preference tier)		false	false	30		hardscape	true	false					Walk hardscape edges after a rain to confirm water is moving away from the house. Look for sunken pavers, ponding, and drainage swales that have silted in.	About 30 minutes DIY. A landscaping contractor will catch grading issues that aren't obvious to a homeowner.
Irrigation	Winterize irrigation system	Fall	Annually	High	$75–$150	Vendor (default)		false	false				true	true					Professional blow-out of irrigation lines to prevent freeze damage.	Must be done before first freeze
Irrigation	Spring startup irrigation	Spring	Annually	High	$75–$150	Vendor (default)		false	false				true	true					Irrigation service gradually pressurizes the system, checks for leaks, and adjusts heads.	
Irrigation	Backflow preventer test	Spring	Annually	High	$75–$150	Vendor (default)		false	false				true	true					Licensed backflow tester verifies the assembly prevents irrigation water from contaminating the potable supply. Legally required annually in most municipalities.	Your water utility may send an annual reminder. Many irrigation services include the test with spring startup.
Pool/Spa	Pool opening service	Spring	Annually	High	$200–$400	Vendor (default)		false	false			pool	true	true	Pool/Spa:opening	Pool Opening Service			Pool service removes the cover, starts up equipment, balances chemicals, and inspects.	
Pool/Spa	Pool closing and winterization	Fall	Annually	High	$200–$400	Vendor (default)		false	false			pool	true	true	Pool/Spa:closing	Pool Closing Service			Pool service handles chemical treatment, lowers water level, blows out lines, and installs cover.	
Pool/Spa	Inspect pool equipment	Spring	Annually	Medium	$0 (part of opening)	Vendor (default)		false	false			pool	true	true	Pool/Spa:opening				Pool service checks pump, heater, filter, and automation for proper operation during opening.	Done during opening
Pool/Spa	Pool heater service	Spring	Annually	Medium	$150-400	Vendor (safety-floor, always pro)		true	false			pool	false	true					Pool heater specialist services the heater — gas heaters get a combustion check, burner cleaning, and pilot/igniter inspection; heat pumps get refrigerant, coil, and defrost-cycle verification. Annual service doubles heater lifespan.	Pair with pool opening so the heater is ready for the first cool spring night.
Pool/Spa	Test and sanitize hot tub water	Any	Weekly	High	$10–$20/month	Flexible (defaults match preference tier)		false	false	10		hot_tub	false	false					Test bromine/chlorine, pH, and alkalinity. Add sanitizer as needed.	Target: pH 7.2-7.8, sanitizer 3-5 ppm.
Pool/Spa	Drain and refill hot tub	Any	Quarterly	Medium	$0–$150	Flexible (defaults match preference tier)		false	false	45		hot_tub	true	false					Drain the tub completely, wipe the shell, and refill with fresh water. Can be DIY or scheduled with a spa service.	Plan for 2-3 hours including drain and refill time.
Pool/Spa	Inspect hot tub cover and jets	Spring	Annually	Medium	$0–$400 (if cover replacement)	Flexible (defaults match preference tier)		false	false	20		hot_tub	true	false					Check the cover for cracks or waterlogging. Test each jet for pressure and aim.	A waterlogged cover is inefficient and should be replaced.
Pool/Spa	Pool safety fence inspection	Spring	Annually	High	$0 (DIY) or $100 (fence service)	Flexible (defaults match preference tier)		false	false	15		pool, has_pool_safety_fence	true	false					"Inspect the pool safety fence and gate: self-closing mechanism, latch height (at least 54\""), no gaps greater than 4\"", and any damaged mesh or posts. Required by law in CT and many HNW municipalities."	Pair with pool opening. Fence service can handle if the gate needs adjustment.
Appliance	Clean dryer vent duct	Any	Annually	High	$100–$200	Vendor (default)		false	false				true	true					Dryer vent service cleans the full vent duct run. Lint accumulation is the leading cause of dryer fires after cooking equipment.	Often folded into the fall handyman visit.
Appliance	Replace refrigerator water filter	Any	Semi-annually	Medium	$30–$60	DIY (always — surfaces as personal task)	Surfaces as DIY	false	false	10		has_fridge_water_dispenser	true	false					Replace the built-in water/ice filter per the manufacturer's schedule. Most fridge filters are rated for 6 months regardless of throughput.	Check your fridge manual for the exact filter part number. Some manufacturers offer subscriptions that auto-ship.
Appliance	Built-in grill service	Spring	Annually	Medium	$200-500	Vendor (safety-floor, always pro)		true	false			has_built_in_grill	false	true					Grill specialist deep-cleans burners, grates, and the firebox; runs a gas-line pressure test; inspects the igniter and thermocouples; replaces worn parts. Protects the outdoor kitchen investment and keeps gas connections safe.	Schedule before grilling season starts.
Pest Control	Termite inspection	Spring	Annually	High	$75–$150	Vendor (default)		false	false				true	true					Pest control company inspects for termite and wood-destroying insect activity.	Required for many home warranties
Generator	Change generator oil	Any	Annually	Medium	$80–$200	Vendor (default)		false	false				true	true	Generator:annual	Annual Generator Service			Generator tech drains and replaces oil per manufacturer schedule. Standby generators run hot and the oil drain is awkward.	Every 200 hours or annually
Generator	Replace spark plugs	Any	Annually	Low	$50–$100	Vendor (default)		false	false				true	true	Generator:annual				Replace spark plugs per manufacturer recommendations. Usually done as part of annual service.	
Generator	Annual generator service	Fall	Annually	High	$200–$400	Vendor (safety-floor, always pro)		true	true				true	true	Generator:annual			420	Full service including all fluids, filters, and electrical check.	Before winter storm season
Generator	Test automatic transfer switch	Any	Annually	High	$100–$200	Vendor (default)		false	false				true	true	Generator:annual				Test of transfer switch operation during annual service.	
Security System	Annual security system check	Any	Annually	Medium	$75–$200	Vendor (default)		false	false				true	true	Security System:annual	Annual Security System Check			Alarm company walk-tests each sensor, confirms panel connectivity, and replaces sensor batteries. Monitored systems self-test between visits — this is the annual confirmation that everything is still registering.	
Security System	Replace sensor batteries	Any	Annually	Medium	$0 (part of walk-test)	Vendor (default)		false	false				true	true	Security System:annual				Alarm tech replaces batteries in door/window sensors and motion detectors. Bundled with the annual walk-test.	
Solar	Solar panel cleaning	Any	Annually	Medium	$150–$300	Vendor (safety-floor, always pro)		true	false				true	true					Cleaning to remove dirt, pollen, and bird droppings.	Can significantly improve output
Solar	Solar system inspection	Any	Every 3-5 years	Medium	$150–$300	Vendor (safety-floor, always pro)		true	false				true	true					Comprehensive inspection of panels, wiring, inverter, and mounting.	
Crawl Space	Check vapor barrier condition	Any	Annually	Medium	$0 (part of annual visit)	Vendor (default)		false	false				true	true	Crawl Space:annual	Annual Crawl Space Inspection			Crawl-space or waterproofing pro inspects the plastic vapor barrier for tears, displacement, or gaps.	
Crawl Space	Inspect for mold or mildew	Any	Annually	High	$0 (part of annual visit)	Vendor (default)		false	false				true	true	Crawl Space:annual				Pro visually inspects joists, insulation, and walls for mold growth.	Professional remediation if found
Crawl Space	Check foundation for cracks	Spring	Annually	High	$0 (part of annual visit)	Vendor (default)		false	false				true	true	Crawl Space:annual				Pro inspects foundation walls for new or expanding cracks and marks any findings.	
Handyman	Spring handyman visit	Spring	Annually	Medium	$300-800	Vendor (default)		false	false				true	true	Handyman:spring	Spring Handyman Visit			Seasonal walkthrough and punch list. Your handyman handles small repairs, caulking touch-ups, filter swaps, and anything that's accumulated since the last visit.	""""" What's typically covered in a spring handyman visit:  HVAC • Air filter swap (buy a case, swap during visit) • Mini-split filter rinse (if applicable)  Plumbing • Washing machine supply hose visual check • Sump pump test (if applicable) • Well cap and pressure tank visual (if well home) • Water softener brine tank visual (if applicable) • Whole-house filter swap (if applicable)  Exterior • Caulking touch-up around windows and doors • Driveway crack sealcoat spot-fill • Deck/fence screw check • Foundation grading walkaround • Retaining wall condition check  Safety • Smoke and CO detector battery swap • Fire extinguisher gauge check • Camera perimeter walk-past • Verify smoke and CO detectors (self-test confirmation) • Test GFCI outlets  Appliances • Refrigerator coil vacuum (if accessible) • Dishwasher spray arm clean (if not covered by housekeeper) • Ice maker filter replacement (if due)  Other (conditional) • Crawl space visual for moisture (if applicable) • Dehumidifier operation test (if applicable) • Septic drain field walkaround (if applicable) • Smart leak system test (if applicable) • Turf drainage spot-check (synthetic turf homes)  Add anything you've been meaning to get to — that's what the handyman is for. """""
Handyman	Fall handyman visit	Fall	Annually	Medium	$300-800	Vendor (default)		false	false				true	true	Handyman:fall	Fall Handyman Visit			Pre-winter walkthrough and punch list. Your handyman handles weatherproofing, hose-bib winterization, storm door prep, attic insulation check, and any accumulated punch-list items.	""""" What's typically covered in a fall handyman visit:  Weatherization • Exterior faucet winterization and hose bib covers • Storm door and weatherstripping check (windows + doors) • Window AC removal and storage (if applicable) • Door hinge and lock lubrication  HVAC • Air filter swap (heating season) • Attic insulation check before heating season  Generator (if applicable) • Oil level check • Confirm weekly exercise cycle visually  Safety • Smoke and CO detector battery swap • Smoke detector age check (replace if 9+ years — bring spares) • Fire extinguisher gauge check • Camera perimeter walk-past • Verify smoke and CO detectors (self-test confirmation)  Plumbing • Drain cleaning and sink trap check • Hose bib shutoff valve test  Exterior • Seal gaps around pipes and utility entries (pest prevention) • Firebox and damper check (wood-burning fireplaces)  Other (conditional) • Central vacuum service (if applicable) • Radon mitigation fan check (if applicable)  Add anything you've been meaning to get to. """""
Handyman	Test smart water leak system	Spring	Annually	Medium	(bundled)	Vendor (default)		false	false			has_leak_detector	false	false	Handyman:spring				Exercise the shutoff valve, test each leak sensor, confirm the app connectivity (Moen Flo, Phyn, etc.). Quick handyman task that lands on the spring visit.	
Handyman	Service central vacuum system	Fall	Annually	Low	(bundled)	Vendor (default)		false	false			has_central_vacuum	false	false	Handyman:fall				Empty the canister, replace the bag or filter, inspect the hose and attachments, and clear any wall-port clogs. Easy to overlook — lands on the fall handyman visit.	
Handyman	Verify radon mitigation fan	Fall	Annually	High	(bundled)	Vendor (default)		false	false			has_radon_mitigation	true	false	Handyman:fall		northeast		Confirm the mitigation fan reads correctly on its manometer — the fan should run continuously. If the manometer is flat on both sides, the fan has failed and needs replacement.	Lands on the fall handyman visit alongside smoke detector checks.
Handyman	Replace smoke & CO detector batteries	Spring	Semi-annually	High	(bundled)	Vendor (default)		false	false	15			true	false	Handyman:spring				Swap batteries in every smoke and CO detector. Modern sealed 10-year detectors don't need this, but most homes still have a mix of battery-powered units that the handyman catches in one visit.	
Handyman	Inspect exterior caulking around windows & doors	Spring	Annually	Medium	(bundled)	Vendor (default)		false	false	30			true	false	Handyman:spring				Walk the exterior and check the caulk bead around every window and door. The handyman spot-recaulks any gaps or separations before spring rains.	
Handyman	Foundation walkaround: cracks and grading	Spring	Annually	High	(bundled)	Vendor (default)		false	false	20			true	false	Handyman:spring				Walk the foundation perimeter. Check for new cracks, signs of efflorescence, and areas where soil has settled and now slopes toward the house.	
Handyman	Check washing machine supply hoses	Spring	Annually	High	(bundled)	Vendor (default)		false	false	10			true	false	Handyman:spring				Inspect the hot and cold supply hoses behind the washing machine for bulges, cracks, or moisture. Burst hoses are the #1 source of catastrophic laundry-room water damage.	
Handyman	Test sump pump function	Spring	Annually	High	(bundled)	Vendor (default)		false	false	10		sump_pump	true	false	Handyman:spring				Pour a few gallons of water into the sump pit and confirm the pump kicks on and discharges. Catches pumps that have silently seized over winter.	Distinct from the Phase 62 battery backup test — this one confirms the primary pump still cycles.
Handyman	Test GFCI outlets throughout house	Spring	Annually	High	(bundled)	Vendor (default)		false	false	15			true	false	Handyman:spring				Press the TEST button on every GFCI outlet (kitchen, bathrooms, garage, exterior) and confirm it trips and resets. A GFCI that won't trip is a safety failure.	
Handyman	Test smoke and CO detector alarms	Spring	Semi-annually	High	(bundled)	Vendor (default)		false	false	10			true	false	Handyman:spring				Hold the TEST button on every alarm to confirm the sounder works. Separate from battery swap — this verifies the audio circuit.	
Handyman	Replace HVAC filter (cooling season)	Spring	Semi-annually	Medium	(bundled)	Vendor (default)		false	false	5		ducted	true	false	Handyman:spring				Swap to a fresh filter heading into cooling season. The handyman stocks the right size for your system so you don't have to remember.	
Handyman	Ceiling fan direction switch (summer)	Spring	Semi-annually	Low	(bundled)	Vendor (default)		false	false	10			true	false	Handyman:spring				Flip ceiling fans to counter-clockwise for downward airflow during cooling season. Reachable units only — the handyman handles the ones requiring a ladder.	
Handyman	Reopen exterior faucets post-winter	Spring	Annually	Medium	(bundled)	Vendor (default)		false	false	10			true	false	Handyman:spring		northeast		Confirm every exterior faucet reopens without leaks after winter. Split pipes behind the spigot reveal themselves the first time you turn on the hose.	
Handyman	Replace smoke & CO detector batteries	Fall	Semi-annually	High	(bundled)	Vendor (default)		false	false	15			true	false	Handyman:fall				Fall battery swap — daylight-saving is the industry's mnemonic. The handyman handles the high-reach units you can't get to safely.	
Handyman	Winterize outdoor faucets and hose bibs	Fall	Annually	High	(bundled)	Vendor (default)		false	false	20			true	false	Handyman:fall		northeast		Shut off interior supply valves to exterior faucets, open the spigots to drain, install insulated covers. A split pipe behind the bib is a $2-5K repair.	
Handyman	Drain and store exterior hoses	Fall	Annually	Medium	(bundled)	Vendor (default)		false	false	20			true	false	Handyman:fall		northeast		Drain every exterior hose, coil, and store in a garage or shed so they don't crack from freeze-thaw cycles.	
Handyman	Inspect weatherstripping pre-heating season	Fall	Annually	Medium	(bundled)	Vendor (default)		false	false	25			true	false	Handyman:fall				Check door and window weatherstripping for gaps, compression, or tears. Replace any compromised sections before the heating bill reflects them.	
Handyman	Pre-winter foundation and gutter walkaround	Fall	Annually	High	(bundled)	Vendor (default)		false	false	30			true	false	Handyman:fall				Check foundation + gutters before freeze season. Any cracks that need sealing + any gutter hangers that loosened over the summer.	
Handyman	Check attic insulation coverage	Fall	Annually	Medium	(bundled)	Vendor (default)		false	false	20			true	false	Handyman:fall				Eye-check the attic — look for areas where insulation has been compressed, blown aside, or compromised by pests. Snap a photo for later reference.	
Handyman	Test smoke and CO detector alarms	Fall	Semi-annually	High	(bundled)	Vendor (default)		false	false	10			true	false	Handyman:fall				Fall audio-circuit verification. Press TEST on every alarm — especially important before the heating system starts producing CO.	
Handyman	Replace HVAC filter (heating season)	Fall	Semi-annually	Medium	(bundled)	Vendor (default)		false	false	5		ducted	true	false	Handyman:fall				Swap to a fresh filter before the furnace starts running. A loaded filter slows airflow and costs runtime.	
Handyman	Ceiling fan direction switch (winter)	Fall	Semi-annually	Low	(bundled)	Vendor (default)		false	false	10			true	false	Handyman:fall				Flip ceiling fans to clockwise for gentle upward airflow — pushes warm air pooling at the ceiling back down into the room.	
Handyman	Pipe insulation check in unheated spaces	Fall	Annually	High	(bundled)	Vendor (default)		false	false	25			true	false	Handyman:fall		northeast		Confirm pipe insulation is intact in garages, crawl spaces, attics, and unheated basements. Replace any sections that have fallen away or been chewed on.	
Handyman	Interior paint touch-up walkaround	Spring	Annually	Low	$150–$400	Vendor (default)		false	false				false	true					Handyman walks the house with a small kit (primer, paint matched to existing finishes, a fine brush) and touches up scuffs, nicks, and baseboard marks. A 90-minute visit keeps a refreshed look without a full repaint.	Bring your touch-up paint kit if you have one. Most handymen can color-match from a sample chip if you don't.
Handyman	Cabinet and door hardware tune-up	Any	Annually	Low	$100–$300	Vendor (default)		false	false				false	true					Handyman tightens loose cabinet pulls, door knobs, hinges, and drawer slides across the house. Lubricates squeaky hinges and replaces any stripped hardware. Small job; big lived-in feel.	
Handyman	Smart home battery sweep	Any	Semi-annually	Medium	$50–$200	Vendor (default)		false	false				false	true					Handyman replaces batteries across every smart lock, doorbell camera, smoke/CO detector, motion sensor, and smart home hub. Most HNW homes have 15-30 battery-powered devices — this catches the ones the owner never thinks about until they die.	Pair with the spring or fall handyman visit.
Handyman	Whole-house relamping	Fall	Annually	Low	$150–$500	Vendor (default)		false	false				false	true					"Handyman systematically replaces every light bulb in fixtures that require a ladder or awkward reach — high ceilings, stairwells, exterior sconces, closet recessed cans. One morning vs 12 separate \""I'll get to it\"" moments."	Stock your preferred bulbs in advance. Most handymen will bring their own ladder and simple tools.
Handyman	Ceiling fan cleaning and balancing	Spring	Annually	Low	$75–$250	Vendor (default)		false	false				false	true					Handyman cleans every ceiling fan blade and tests balance (wobble means it's out of spec). High-reach task that accumulates dust for years because no one wants to drag out a ladder. Balanced fans are also quieter.	
Handyman	Drywall patch and paint touch-up visit	Any	Annually	Low	$150–$500	Vendor (default)		false	false				false	true					Bundle the nail pops, scuffs, small dents, and hairline drywall cracks into one visit so the handyman can patch, sand, and spot-paint the obvious lived-in wear all at once.	Great quote-friendly add-on before guests, photos, or listing prep.
Handyman	Door, latch, and hinge tune-up	Any	Annually	Low	$100–$350	Vendor (default)		false	false				false	true					Handyman adjusts sticking interior doors, noisy hinges, misaligned strike plates, loose closers, and dragging thresholds. Small fixes that make the whole house feel maintained.	
Handyman	Window screen and hardware repair	Spring	Annually	Low	$125–$400	Vendor (default)		false	false				false	true					Replace torn screens, tighten latches, adjust sash hardware, and fix the easy window annoyances that owners tolerate for years.	Especially useful before bug season or when opening the house back up after winter.
Handyman	Interior caulk refresh	Any	Annually	Medium	$150–$450	Vendor (default)		false	false				false	true					Re-caulk the obvious failure points in kitchens, mudrooms, and baths before water gets behind trim, counters, or fixtures. Good example of low-drama work that prevents bigger repairs.	Escalate to a tile setter or plumber if there is movement, active water damage, or fixture replacement hiding underneath.
Handyman	Hang mirrors, art, and shelving	Any	Annually	Low	$125–$450	Vendor (default)		false	false				false	true					Batch the high-value finish work: picture clusters, heavy mirrors, floating shelves, coat hooks, and mudroom organization pieces.	High-margin add-on that homeowners love because it clears a long-standing to-do list fast.
Handyman	TV mounting and cord cleanup	Any	Annually	Low	$175–$500	Vendor (default)		false	false				false	true					Mount the TV, hide the obvious wire mess, and leave the room looking deliberate instead of half-finished. Great quote lane for handymen who already carry the right anchors and tools.	Escalate to an electrician or integrator if in-wall power or major AV changes are required.
Handyman	Furniture, playset, or shed assembly	Spring	Annually	Low	$150–$700	Vendor (default)		false	false				false	true					Use the handyman for assemblies that are tedious, tool-heavy, or safer with two sets of hands. This keeps the homeowner out of half-finished box chaos.	Good fit for outdoor season starts, playroom upgrades, and storage cleanup.
Handyman	Grab bar and safety hardware install	Any	Annually	Medium	$150–$500	Vendor (default)		false	false				false	true					Install grab bars, handrail returns, better closet lighting, non-slip hardware, and other aging-in-place or child-safety upgrades that do not require a specialist.	One of the strongest trust builders for families managing older parents or multigenerational homes.
Handyman	Fixture swap and hardware refresh	Any	Annually	Low	$125–$450	Vendor (default)		false	false				false	true					Replace showerheads, faucets, cabinet pulls, towel bars, exterior house numbers, and similar finish hardware when the work stays inside the handyman lane.	Escalate when shutoffs are seized, valves are leaking, or wiring/plumbing rough work appears.
Handyman	Fence, gate, and deck repair sweep	Spring	Annually	Medium	$175–$650	Vendor (default)		false	false				false	true					Tighten hinges, replace a few boards, fix sagging latches, and handle the small exterior repairs that are annoying on their own but perfect when bundled together.	Good seasonal add-on when the handyman is already doing the spring exterior walkthrough.
Handyman	Blind and curtain hardware install	Any	Annually	Low	$125–$400	Vendor (default)		false	false				false	true					Install or adjust blinds, shades, curtain rods, privacy hardware, and other finish carpentry items that usually get stuck on a homeowner's list for months.	
Snow Removal	Renew snow plowing contract	Fall	Annually	Medium	$400-1,200/season	Vendor (default)		false	false				true	true					Most snow plow vendors require a signed seasonal contract by mid-fall. Reach out to confirm pricing, set the trigger snowfall depth, and authorize per-storm billing for the season ahead.	Contract typically covers Nov 1 – Apr 1 in the Northeast. Lock it in before October.
Mosquito & Tick	Sign up for mosquito and tick season	Spring	Annually	Medium	$400-900/season	Vendor (default)		false	false				true	true					Most mosquito and tick vendors run seasonal programs — an every-3-week spray schedule from April through October. Sign up in early spring to lock in your spot on their schedule.	Some vendors offer all-natural cedar-oil alternatives if you prefer. Talk to your vendor about program start date so you're covered before tick season peaks.
Tree Service	Annual tree assessment	Spring	Annually	Medium	$200-500	Vendor (safety-floor, always pro)		true	false				false	true					Certified arborist walks the property identifying dead limbs, structural weakness, disease, and storm risk. A $300 annual visit catches the $30,000 problems.	Best done in early spring before leaf-out so the structural picture is clear.
Tree Service	Pruning and crown thinning	Winter	Every 3 years	Medium	$500-2,000	Vendor (safety-floor, always pro)		true	false				false	true					Selective pruning of mature trees to reduce wind load, eliminate hazardous limbs, and maintain structure. Should be done by an ISA-certified arborist, not a landscaper.	Dormant-season pruning (Dec-Mar) is safest for the trees and cheapest for you.
Tree Service	Trim trees away from roof	Fall	Annually	Medium	$200–$600	Vendor (safety-floor, always pro)		true	false				false	true					Arborist trims back branches within 10 feet of the roof to prevent storm damage and reduce moss buildup.	Arborist required for large trees
Window Cleaning	Exterior window washing	Spring/Fall	Semi-annually	Low	$200-600	Vendor (default)		false	false				false	true					Professional cleaning of all exterior windows, screens, and tracks.	Spring after pollen settles and fall before storm windows go on. Quarterly for homes that need to stay immaculate.
Pressure Washing	Annual exterior power washing	Spring	Annually	Low	$300-700	Vendor (default)		false	false				false	true					Soft-wash siding, deck, walkways, and patio. Removes mildew, pollen, and dirt buildup and restores curb appeal in one visit.	
Driveway Sealcoating	Asphalt driveway sealcoat	Fall	Every 2-3 years	Medium	$300-800	Vendor (default)		false	false				false	true					Apply fresh sealcoat to the driveway. Protects against water infiltration, UV damage, and fuel spills.	Apply in early fall while temps are still warm enough for the sealer to cure properly.
Attic & Foundation	Annual attic inspection	Fall	Annually	Medium	$0 (handyman) to $200 (specialist)	Vendor (default)		false	false				false	true					Handyman or attic specialist visually inspects for insulation displacement, pest entry signs, roof-underside leaks, and ventilation issues.	Often included in a fall handyman visit.
Elevator	Annual elevator inspection	Any	Annually	High	$300-500	Vendor (safety-floor, always pro)		true	false				true	true					State-required annual inspection of residential elevator. Required by law in most states for private residential elevators.	Certified elevator inspector. Keep the certificate on file with other estate documents.
Elevator	Quarterly elevator service	Any	Quarterly	Medium	$150-300	Vendor (safety-floor, always pro)		true	false				true	true					Routine service visit covering cable tension, lubrication, door sensors, and emergency phone/alarm test.	
Wine Cellar	Annual cooling unit service	Spring	Annually	High	$200-400	Vendor (default)		false	true				true	true					Wine cellar tech services the cooling unit: cleans coils, checks refrigerant, verifies temperature and humidity calibration.	Cooling unit failures can ruin a collection overnight. This is not a category to skip.
Air Quality	Annual radon test	Any	Every 2 years	Medium	$30-80 (DIY kit) or $150-300 (tester)	Flexible (defaults match preference tier)		false	false	20			false	false			northeast		Place a short-term radon detector kit in the lowest livable level for 2-7 days, then mail it to the lab. Levels above 4 pCi/L require mitigation; 2-4 pCi/L is borderline and worth re-testing. A handyman can handle placement and collection; you don't need a certified radon tester unless you need a real-estate-transaction report.	NH, CT, and much of the surrounding Northeast are in the granite belt, one of the highest radon zones in the country.
Air Quality	Service whole-home or basement dehumidifier	Spring	Annually	Medium	$0 (DIY) to $150 (pro)	DIY-capable (opt-in for DIY users)	DIY-able if user opts in	false	false	30		has_dehumidifier	false	false					Clean the filter, wipe the coils, check the drain line for clogs, and verify the humidistat calibration. Catches silent failures that let basements creep above 60% RH and invite mold.	Pair with the spring handyman visit; run a humidity reading after service to confirm.
